{
  "project_info": {
    "project_number": "744556566289",
    "project_id": "itsme-24",
    "storage_bucket": "itsme-24.appspot.com"
  },
  "client": [
    {
      "client_info": {
        "mobilesdk_app_id": "1:744556566289:android:0b61f8e6888a9d38185eb0",
        "android_client_info": {
          "package_name": "androidtown.org.termproject"
        }
      },
      "oauth_client": [
        {
          "client_id": "744556566289-0h93v26lm8gfvsklg34csan11f492a6m.apps.googleusercontent.com",
          "client_type": 1,
          "android_info": {
            "package_name": "androidtown.org.termproject",
            "certificate_hash": "fd81bbdf2f86889dd0f9b91deddde7e1c14df2de"
          }
        },
        {
          "client_id": "744556566289-7l2l69b9brh58lai7uatmvjpcpfh2agu.apps.googleusercontent.com",
          "client_type": 1,
          "android_info": {
            "package_name": "androidtown.org.termproject",
            "certificate_hash": "191a5d438264b828bda3168ec6adb3a6f00e5983"
          }
        },
        {
          "client_id": "744556566289-vh18vql7t6qil36ur3d9sesd8232nfjd.apps.googleusercontent.com",
          "client_type": 3
        }
      ],
      "api_key": [
        {
          "current_key": "AIzaSyCQaj0J_FrirfFtGvGxvBdmHuWcd3QizsQ"
        }
      ],
      "services": {
        "appinvite_service": {
          "other_platform_oauth_client": [
            {
              "client_id": "744556566289-vh18vql7t6qil36ur3d9sesd8232nfjd.apps.googleusercontent.com",
              "client_type": 3
            }
          ]
        }
      }
    },
    {
      "client_info": {
        "mobilesdk_app_id": "1:744556566289:android:d66e4c56bf412114185eb0",
        "android_client_info": {
          "package_name": "org.androidtown.myfirebaseexample"
        }
      },
      "oauth_client": [
        {
          "client_id": "744556566289-vh18vql7t6qil36ur3d9sesd8232nfjd.apps.googleusercontent.com",
          "client_type": 3
        }
      ],
      "api_key": [
        {
          "current_key": "AIzaSyCQaj0J_FrirfFtGvGxvBdmHuWcd3QizsQ"
        }
      ],
      "services": {
        "appinvite_service": {
          "other_platform_oauth_client": [
            {
              "client_id": "744556566289-vh18vql7t6qil36ur3d9sesd8232nfjd.apps.googleusercontent.com",
              "client_type": 3
            }
          ]
        }
      }
    }
  ],
  "configuration_version": "1"
}